token,pilot_count,full_corpus_count,full_corpus_pages,dominant_section
shey,56,278,98,B
ar,46,408,117,S
ol,46,564,130,B
qokeey,46,307,80,S
qokain,46,279,47,B
shedy,45,434,73,B
chedy,44,507,87,S
daiin,38,852,206,H
dar,38,324,141,H
or,37,393,136,H
s,34,360,158,H
chol,34,397,149,H
aiin,34,507,130,S
qokeedy,32,307,55,B
chey,31,353,120,S
dain,29,214,99,H
al,29,261,86,S
okeey,28,184,76,S
y,24,329,142,H
qokedy,24,276,63,B
otar,24,153,74,S
ain,22,116,54,S
oteey,21,145,66,S
o,21,211,112,H
dal,21,242,112,H
otedy,21,165,58,S
l,21,194,76,S
qokal,21,197,62,B
dy,21,282,144,H
r,19,173,95,H
qokey,18,108,49,S
oteedy,18,106,48,S
cheey,17,185,83,S
okain,15,141,53,S
qoky,15,146,70,B
okaiin,14,216,97,S
sheol,14,108,62,S
okedy,14,120,52,B
chckhy,14,141,77,H
qol,14,142,37,B
chor,13,211,108,H
cheol,13,173,89,S
shckhy,13,60,29,B
sar,12,81,55,S
okal,12,156,84,S
okar,12,140,67,S
dair,11,112,73,H
oty,11,118,79,H
shol,10,186,103,H
okeedy,10,111,56,S
okeol,10,64,37,P
otal,10,137,71,S
otey,10,60,42,S
otody,10,26,18,C
keedy,10,62,34,S
chy,9,164,105,H
oky,9,104,80,H
keey,9,56,42,S
am,9,86,54,S
chcthy,9,81,57,H
qokar,9,159,67,S
ckhey,8,28,20,H
odaiin,8,67,48,H
chal,8,49,32,S
qokol,8,98,59,H
qotar,8,64,38,S
air,8,84,54,S
okey,8,65,41,S
lchedy,8,116,37,S
oly,8,61,37,B
rain,8,22,15,S
sho,7,125,76,H
oiin,7,38,28,S
cthy,7,103,58,H
qo,7,53,40,H
shdy,7,45,33,H
sal,7,49,39,B
sain,7,64,36,S
okchdy,7,28,20,C
sheedy,7,83,44,B
otain,7,96,43,S
qokaiin,7,265,69,S
d,6,71,41,H
okol,6,78,61,H
qotedy,6,89,43,B
saiin,6,127,76,H
tol,6,45,34,H
sheey,6,149,80,S
okees,6,19,15,C
sol,6,67,45,B
shy,6,98,69,H
ches,6,42,34,S
lshedy,6,40,26,B
lchey,6,49,33,B
shcthy,6,32,18,B
chdy,5,147,68,H
otol,5,82,66,H
cho,5,81,59,H
cthol,5,56,39,H
ok,5,13,12,H
dam,5,88,64,H
cham,5,17,15,H
qoty,5,88,55,H
cheor,5,94,62,H
lo,5,20,14,S
ldy,5,25,21,B
daiir,5,25,23,H
ykeey,5,57,47,H
chdar,5,24,18,S
okeo,5,19,16,Z
ary,5,26,22,S
oteeos,5,14,12,Z
aiir,5,29,20,S
qotal,5,59,37,B
oteody,5,41,28,Z
ody,5,48,38,H
olar,5,17,13,S
okody,5,17,11,C
lshey,5,17,12,S
pchedy,5,36,29,B
lor,5,39,29,S
olkeey,5,38,25,B
oldy,5,30,22,B
qoteey,5,42,30,S
qoteedy,5,77,40,B
okor,5,35,29,H
om,5,22,19,S
qokeol,5,50,33,P
chl,5,30,22,S
raiin,5,64,35,S
shar,4,34,29,S
cthar,4,17,13,H
sy,4,37,33,H
chear,4,51,34,S
ols,4,22,21,H
oteol,4,37,33,H
shear,4,24,20,S
shor,4,96,67,H
sam,4,12,11,H
ykeedy,4,32,29,B
cheky,4,66,50,H
ot,4,15,13,S
otor,4,40,35,H
dol,4,109,71,H
otaiin,4,155,70,S
kain,4,43,27,S
kar,4,60,45,H
lol,4,38,26,B
checkhy,4,48,33,B
olchedy,4,39,25,B
dor,4,68,49,H
olshedy,4,22,14,B
otam,4,48,37,S
olor,4,30,20,B
odal,4,19,16,H
opar,4,13,10,C
cheom,4,9,7,P
qotey,4,23,19,S
sheckhy,4,33,17,B
qotain,4,60,29,S
lkain,4,34,15,S
kor,3,26,24,H
okan,3,7,6,T
odar,3,24,20,S
shody,3,53,37,H
otchol,3,30,28,H
os,3,34,28,H
cthey,3,51,44,H
char,3,84,59,S
kchy,3,36,30,H
tchey,3,22,20,H
kaiin,3,79,46,S
cheody,3,91,58,S
qokeor,3,21,17,P
checthy,3,30,20,B
chedaiin,3,39,26,S
ykedy,3,21,18,H
oteor,3,12,10,S
sor,3,51,45,H
oteo,3,18,16,Z
otaldy,3,8,8,B
tal,3,26,17,B
choky,3,40,34,H
chedal,3,26,19,S
ctheey,3,15,13,H
cheal,3,30,16,S
arar,3,10,9,C
okeoly,3,6,5,P
daly,3,31,26,H
shal,3,17,14,S
sheeky,3,15,15,B
olkar,3,21,15,B
qokchdy,3,51,34,H
dshedy,3,34,26,B
qokam,3,25,21,S
qor,3,21,19,S
lkaiin,3,48,21,S
chkar,3,11,11,S
okoldy,3,8,8,P
olaiin,3,52,40,S
okary,3,12,11,H
otchdy,3,33,28,S
sheor,3,47,37,H
okedal,3,10,8,C
aiiin,3,47,31,S
otodar,3,6,4,C
oraiin,3,34,28,S
oain,3,11,10,S
chody,3,92,65,H
ckhol,3,21,16,H
okeeey,3,27,22,S
shek,3,10,7,B
opchedy,3,50,36,S
lkeey,3,39,20,S
lkar,3,31,21,S
okam,3,33,30,H
sheal,3,18,16,S
ykal,2,11,10,H
sory,2,2,2,T
sheky,2,34,25,B
soiin,2,19,18,H
oteos,2,26,19,Z
sair,2,29,23,S
sh,2,27,26,H
teody,2,11,9,T
ydain,2,5,5,H
ytain,2,13,11,S
kodaiin,2,3,3,T
kol,2,38,35,H
sheo,2,48,38,S
x,2,53,18,C
yto,2,5,5,A
she,2,27,25,H
shoaiin,2,4,4,T
k,2,20,12,H
chotey,2,8,8,C
ycheor,2,8,7,H
chom,2,13,9,H
ysheor,2,4,4,S
ydar,2,5,5,H
sols,2,3,3,H
okeom,2,4,4,H
yteody,2,14,11,H
shodaiin,2,24,20,H
otchor,2,16,14,H
shee,2,13,10,H
sheeody,2,4,4,H
checkhey,2,11,10,S
qokeody,2,33,23,P
sheeo,2,11,11,S
qokchy,2,67,53,H
okeody,2,37,32,H
cheos,2,37,33,H
chekeey,2,6,5,P
oteodaiin,2,8,7,A
oekaiin,2,3,3,C
cheeky,2,25,24,B
oshey,2,6,6,S
shchey,2,3,3,A
oteesy,2,2,2,A
oto,2,9,9,Z
otoky,2,3,3,P
ykees,2,7,7,A
aram,2,11,11,S
cheotey,2,3,3,H
ytar,2,24,18,S
alal,2,7,7,S
dalal,2,6,6,Z
chotal,2,8,7,C
che,2,6,6,C
key,2,15,14,H
okechy,2,5,5,S
shokeey,2,3,3,H
okeeo,2,20,17,S
dl,2,21,17,S
aral,2,20,19,S
oteeo,2,10,10,S
otoy,2,4,4,C
sheeey,2,5,5,S
okodar,2,5,4,A
chotol,2,9,9,H
oteotey,2,5,4,Z
ykary,2,2,2,Z
otaly,2,21,18,Z
okydy,2,3,3,Z
oteedar,2,2,2,Z
teey,2,21,16,S
otalam,2,4,4,C
kal,2,27,23,S
olky,2,23,16,B
qokan,2,8,8,B
aly,2,27,22,S
sshey,2,7,7,B
ram,2,12,12,S
rol,2,20,15,B
daldy,2,21,19,B
sheety,2,8,6,B
yshedy,2,7,6,B
olkeedy,2,45,28,S
ch,2,23,22,H
ychey,2,17,17,H
otes,2,5,4,C
otdar,2,2,1,C
okalol,2,3,2,C
ochs,2,2,1,C
darchedy,2,2,2,C
ytedar,2,5,4,C
yky,2,16,15,H
olkaiin,2,31,26,S
opain,2,3,3,A
okos,2,7,7,A
otedar,2,13,10,S
octhey,2,5,5,H
osar,2,3,2,C
ykodar,2,3,2,C
osal,2,4,4,S
otoldy,2,10,10,H
oteedaiin,2,4,3,C
laiin,2,14,13,S
otedal,2,5,5,S
okchy,2,31,27,H
qotody,2,11,10,S
oteeedy,2,3,3,B
opy,2,9,7,H
otchdaiin,2,2,1,C
opchdy,2,20,15,S
otedaiin,2,5,4,C
shed,2,19,17,S
okedar,2,7,6,B
osain,2,5,5,H
shet,2,4,4,S
ky,2,33,30,H
ctheol,2,10,9,P
cphol,2,13,11,H
qoekol,2,2,1,P
dsheol,2,9,9,S
teol,2,16,15,B
sheeol,2,13,10,B
salo,2,2,2,P
qotol,2,44,32,H
qokeeey,2,28,19,S
qokeeo,2,18,12,S
pchedal,2,5,4,S
chep,2,5,4,S
sheek,2,4,4,S
loty,2,4,3,S
ota,2,4,3,S
qorain,2,4,4,S
shekain,2,3,3,S
shky,2,13,12,H
okaral,2,4,4,S
lr,2,10,9,S
okaly,2,23,16,S
chckhey,2,30,27,S
qokaly,2,17,11,S
shety,2,9,8,B
yteedy,2,29,25,S
ssheey,2,2,1,S
sheed,2,5,5,S
dsheey,2,8,8,S
in,2,3,2,S
olr,2,4,3,S
orain,2,15,13,S
fachys,1,1,1,T
ataiin,1,1,1,T
shory,1,5,5,H
cthres,1,1,1,T
sholdy,1,8,8,B
ckhar,1,3,3,S
kair,1,12,9,S
chtaiin,1,3,3,T
ase,1,1,1,T
dan,1,19,16,H
syaiir,1,1,1,T
ykaiin,1,46,29,H
shod,1,11,10,S
cthoary,1,1,1,T
cthes,1,2,2,T
daraiin,1,2,2,T
roloty,1,1,1,T
cthiar,1,1,1,T
cthaiin,1,12,11,H
cphar,1,4,4,H
cfhaiin,1,2,2,T
ydaraishy,1,1,1,T
cy,1,5,5,H
cphoy,1,2,2,T
oydar,1,1,1,T
cfhoaiin,1,1,1,T
shodary,1,1,1,T
yshey,1,13,12,S
okchoy,1,1,1,T
chocthy,1,19,17,H
kos,1,3,3,H
shos,1,10,10,H
cfhol,1,4,4,T
cphesaiin,1,1,1,T
cphey,1,10,10,H
shoshy,1,2,2,T
cphodal,1,2,2,T
es,1,4,4,T
oksho,1,5,5,H
kshoy,1,1,1,T
otairin,1,1,1,T
shodain,1,5,5,T
sckhey,1,1,1,T
shoy,1,2,2,T
cphy,1,12,12,H
cphodaiils,1,1,1,T
oldain,1,2,2,T
chodain,1,8,8,S
n,1,5,5,H
kod,1,3,3,T
shckhey,1,11,10,B
ckeo,1,1,1,T
shodan,1,1,1,T
kshy,1,7,6,H
chodaiin,1,46,38,H
koeam,1,1,1,T
ycho,1,4,4,H
chekain,1,8,6,S
pshol,1,4,4,T
dydyd,1,1,1,T
dai,1,2,2,T
cto,1,6,6,H
kodshey,1,1,1,T
cphealy,1,1,1,T
ckhyds,1,1,1,T
dchar,1,3,3,H
shcthaiin,1,1,1,T
okaiir,1,7,7,H
xchy,1,1,1,T
xtol,1,2,2,T
cthols,1,2,2,T
dlocto,1,1,1,T
shok,1,5,5,S
daiiin,1,21,21,H
cpho,1,2,2,T
shaiin,1,20,18,H
shokcheey,1,1,1,T
tshodeesy,1,1,1,T
pydeey,1,1,1,T
cha,1,3,3,H
ro,1,9,8,S
ydoin,1,1,1,T
cthal,1,8,6,H
far,1,3,3,T
ctholdar,1,1,1,T
ycheey,1,20,18,S
okchey,1,32,29,H
kokaiin,1,1,1,T
dchy,1,30,25,H
dcheo,1,6,6,H
koshey,1,2,2,T
chtor,1,2,2,T
eo,1,1,1,T
chok,1,5,5,H
choty,1,39,30,H
dchaiin,1,5,5,H
tsheos,1,1,1,H
qopal,1,2,2,H
daimg,1,1,1,H
qotcham,1,1,1,H
ochor,1,6,6,H
qocheor,1,1,1,H
schey,1,6,6,H
chag,1,1,1,H
chololy,1,1,1,H
ychtaiin,1,1,1,H
cthom,1,5,5,H
otaldam,1,1,1,H
qodaiin,1,43,27,S
shom,1,4,4,H
damo,1,1,1,H
dago,1,1,1,H
vor,1,1,1,H
sheoldam,1,1,1,H
otchody,1,4,4,H
cholcthom,1,1,1,H
pcheol,1,11,9,B
okadaiin,1,1,1,H
qokchor,1,8,7,H
schodam,1,1,1,H
octhy,1,10,10,S
qot,1,15,15,H
qokody,1,8,8,H
qokshey,1,8,7,T
qodair,1,3,3,S
tsheoarom,1,1,1,H
olchsy,1,1,1,H
otchom,1,1,1,H
oporar,1,1,1,H
ekshy,1,1,1,H
qokeom,1,2,2,H
soleeg,1,1,1,H
soeom,1,1,1,H
qokeeodal,1,1,1,H
pcheoldom,1,1,1,H
qopchor,1,2,2,H
qopol,1,6,6,S
opchol,1,6,6,H
otolom,1,1,1,H
qoeor,1,2,2,H
qoteol,1,12,10,P
qosaiin,1,2,2,H
keedey,1,1,1,H
qofchedy,1,9,9,S
qokeex,1,1,1,H
chepakeo,1,1,1,H
dcheey,1,13,13,H
qokees,1,8,8,H
shekeey,1,6,6,H
qef,1,1,1,H
chekey,1,7,7,H
da,1,13,13,H
keeol,1,14,13,P
tshokeody,1,1,1,H
chepos,1,1,1,H
cheda,1,2,2,H
ykeedar,1,1,1,H
cheod,1,6,6,H
shcthey,1,5,5,B
shso,1,1,1,H
shedshey,1,1,1,H
olsheol,1,3,3,H
deey,1,6,6,H
okaiiin,1,7,7,S
qoaiin,1,22,20,S
yches,1,2,2,H
olsheor,1,1,1,H
qoekedy,1,2,2,H
dals,1,9,8,H
saiis,1,1,1,H
yshedair,1,1,1,H
okedam,1,3,3,H
aiicthy,1,1,1,H
teeodaiin,1,2,2,A
epairody,1,1,1,A
osaiin,1,7,7,S
yteeoey,1,1,1,A
epaiin,1,2,2,H
qoekeey,1,4,4,A
oeteody,1,2,2,A
keo,1,9,9,S
keeodal,1,2,2,A
ycheo,1,11,10,S
iim,1,1,1,A
okesoe,1,1,1,A
shees,1,9,9,H
dalaiin,1,3,3,A
cheodaiin,1,13,13,S
soairol,1,1,1,A
chokeody,1,5,5,H
ykeedal,1,2,2,H
choikhedy,1,1,1,A
chteokaiin,1,1,1,A
choteedy,1,1,1,A
epchy,1,1,1,A
chpar,1,2,2,A
sheees,1,3,3,H
deedy,1,5,5,B
soeteed,1,1,1,A
octheey,1,1,1,A
eokeot,1,1,1,A
choteoky,1,1,1,A
chockhy,1,23,23,H
daram,1,9,9,H
schdes,1,1,1,A
dchschdy,1,1,1,A
otardar,1,1,1,A
ykaros,1,1,1,A
eetees,1,1,1,A
ykeos,1,3,3,H
otodaiin,1,5,5,C
chetejy,1,1,1,A
chedar,1,34,23,S
ychsy,1,1,1,A
keds,1,1,1,A
aldy,1,14,14,H
archeo,1,1,1,A
qoikeey,1,1,1,A
cheockhey,1,2,2,S
oteochedy,1,1,1,A
okechdar,1,1,1,A
dararal,1,1,1,A
okeorar,1,2,2,A
sotey,1,2,2,A
yteey,1,31,23,H
oteees,1,3,3,H
sheokeey,1,3,3,A
oteodal,1,6,6,Z
chokeed,1,1,1,A
keedais,1,1,1,A
deeety,1,1,1,A
teodain,1,1,1,A
chekchy,1,5,4,T
chparam,1,1,1,A
seeaiir,1,1,1,A
sosaiir,1,1,1,A
sheosam,1,1,1,A
ykeeody,1,13,11,H
dalary,1,2,2,A
otchey,1,33,26,S
chkey,1,8,8,H
shep,1,2,2,H
chly,1,1,1,C
sheteal,1,1,1,C
dshy,1,8,8,H
chchet,1,1,1,C
ykecy,1,1,1,C
ykeeo,1,7,7,H
ald,1,5,5,H
shekey,1,5,5,H
oteog,1,1,1,C
ckhhey,1,1,1,C
shshy,1,1,1,C
cheeog,1,1,1,C
ddlar,1,1,1,C
yol,1,2,2,H
aloees,1,2,2,C
ytaiir,1,1,1,C
otaldal,1,3,3,C
cholckhhy,1,1,1,C
ytals,1,1,1,C
dalam,1,6,6,S
oparam,1,1,1,C
dolshol,1,1,1,C
shocthhy,1,2,2,C
shokal,1,5,5,S
kshody,1,2,2,H
chotals,1,1,1,C
shkal,1,1,1,C
chcthhy,1,4,4,C
chokal,1,7,7,S
choikhy,1,1,1,C
okeeal,1,1,1,C
teedy,1,15,13,S
dgr,1,1,1,C
okeear,1,4,4,S
alekeey,1,1,1,C
kam,1,8,8,H
oteoodalry,1,1,1,C
chekeoar,1,1,1,C
chokey,1,7,7,H
dcheoky,1,2,2,C
otai,1,1,1,C
doithy,1,1,1,C
otchetchar,1,1,1,C
okear,1,9,9,S
lal,1,7,7,B
kchg,1,1,1,C
oaral,1,2,2,C
aldaiin,1,3,3,S
ykeeedaiis,1,1,1,C
skeeod,1,1,1,C
oteeodar,1,2,2,C
sheedal,1,2,2,C
sheodaiin,1,5,5,H
choar,1,4,4,S
choteoly,1,1,1,C
choeky,1,3,3,H
choteosam,1,1,1,C
oteodar,1,7,7,Z
ockhh,1,1,1,C
oches,1,1,1,C
chese,1,1,1,C
shopcho,1,2,2,C
ykaldy,1,1,1,C
farar,1,1,1,C
aim,1,7,7,S
cheoteeodal,1,1,1,C
choetchaldy,1,1,1,C
otesar,1,1,1,C
dalol,1,7,7,S
chtam,1,1,1,C
opaiir,1,2,2,C
chokeo,1,4,4,H
arodchedy,1,1,1,C
cheocphey,1,3,3,C
ees,1,5,4,C
okeedaly,1,2,2,C
cheeoekey,1,1,1,C
ykeed,1,3,3,H
cr,1,1,1,C
cheeos,1,7,6,S
otoeeseor,1,1,1,C
otchosha,1,1,1,C
okcheo,1,1,1,Z
tchy,1,28,25,H
otsheo,1,1,1,Z
shecth,1,1,1,Z
opcheoldair,1,1,1,Z
dateey,1,1,1,Z
choteey,1,9,9,A
choeteedy,1,1,1,Z
oteoteotsho,1,1,1,Z
yteos,1,3,3,A
alain,1,4,4,S
sheodaly,1,2,2,Z
cxho,1,3,3,H
cholkal,1,3,3,H
chokear,1,1,1,Z
cholaiin,1,4,4,H
oteeoal,1,1,1,Z
sheeos,1,3,3,Z
otees,1,12,10,Z
otoaiin,1,2,2,H
oteeody,1,13,11,S
sos,1,5,5,H
todaiin,1,9,9,H
chokain,1,11,9,S
otalal,1,4,4,S
oteeam,1,3,3,S
otalalg,1,1,1,Z
okala,1,1,1,Z
otald,1,2,2,H
otaldar,1,2,2,Z
opysam,1,1,1,Z
chckhhy,1,8,7,S
daiixamdy,1,1,1,Z
otair,1,26,16,S
chalaly,1,1,1,Z
oteeeor,1,1,1,Z
alody,1,6,6,C
cheoltey,1,1,1,Z
sheeteey,1,1,1,Z
okeeol,1,16,14,Z
ykeeos,1,3,3,C
ykair,1,8,8,H
alos,1,1,1,Z
otalar,1,3,3,S
dolaram,1,1,1,Z
okaram,1,3,3,Z
oteosal,1,1,1,Z
salols,1,1,1,Z
okaldal,1,1,1,Z
ykolaiin,1,1,1,Z
oteoal,1,1,1,Z
aildy,1,3,3,S
qoteeal,1,1,1,Z
teodaiin,1,2,2,Z
daim,1,11,10,H
otolal,1,1,1,Z
kchedykary,1,1,1,B
shyk,1,1,1,B
ly,1,12,11,B
ssheol,1,1,1,B
qolchhdy,1,1,1,B
chedykar,1,1,1,B
chekeedy,1,4,4,H
ror,1,15,13,S
orchey,1,4,4,B
qey,1,1,1,B
ltain,1,2,2,B
dackhy,1,1,1,B
lkamo,1,1,1,B
olsheedy,1,1,1,B
pcheykeeor,1,1,1,B
qokshdy,1,4,4,S
qokardy,1,1,1,B
dsheckhy,1,1,1,B
dshor,1,14,12,H
tedy,1,40,29,B
qokair,1,21,12,S
chekam,1,1,1,B
ssheckhy,1,1,1,B
keishy,1,1,1,B
qolkeeoly,1,1,1,B
lch,1,1,1,B
shokain,1,1,1,B
okshedy,1,4,4,B
pchedar,1,11,11,H
shepchy,1,3,3,B
lshedary,1,1,1,B
qokshedy,1,11,9,B
ithey,1,1,1,B
ry,1,11,10,H
oqokain,1,2,2,B
qckhsy,1,1,1,B
pchey,1,8,8,B
kshey,1,6,6,H
chedyqokam,1,1,1,B
qolkary,1,1,1,B
qoly,1,7,6,B
ajy,1,1,1,B
pdalshor,1,1,1,B
shtol,1,2,2,B
pshar,1,1,1,B
okaldy,1,10,9,H
tchedy,1,34,26,B
oldair,1,1,1,B
shecthy,1,20,12,B
lolchedy,1,1,1,B
chkal,1,12,10,S
okeedyqol,1,1,1,B
olchey,1,25,21,B
qotan,1,2,2,H
kalol,1,2,2,B
olom,1,3,3,B
qoked,1,7,6,S
polshy,1,3,3,B
chsdy,1,3,3,B
chcthedy,1,6,6,B
ltedy,1,5,5,B
darom,1,3,3,H
olkedy,1,26,18,B
oltedy,1,6,6,B
dardardy,1,1,1,B
qokechdy,1,3,3,S
koldy,1,8,7,B
rshedy,1,6,6,B
sokeedy,1,2,2,B
chekar,1,10,10,H
dchedy,1,29,25,B
sshedy,1,6,6,B
sarol,1,4,4,H
dara,1,1,1,B
ychty,1,1,1,B
saino,1,2,2,B
saldy,1,3,3,H
dainy,1,1,1,B
saeeasa,1,1,1,C
tosaes,1,1,1,C
adar,1,1,1,C
chefchs,1,1,1,C
olkeeodaiin,1,1,1,C
orshees,1,1,1,C
qoeey,1,16,14,S
otodr,1,1,1,C
oqokam,1,1,1,C
oteed,1,8,7,S
lraiin,1,1,1,C
ofain,1,1,1,C
ych,1,1,1,C
ais,1,3,2,S
ydekam,1,1,1,C
otochedy,1,3,3,A
soeedoy,1,1,1,C
olal,1,6,6,S
dchor,1,27,23,H
orary,1,3,3,Z
sairojam,1,1,1,C
okchdarar,1,1,1,C
soiindy,1,1,1,C
ddsschx,1,1,1,C
daldar,1,2,2,H
ofardy,1,1,1,C
orarol,1,2,2,C
daldal,1,2,2,C
daraldy,1,2,2,B
sais,1,1,1,C
od,1,9,8,H
okod,1,3,3,H
oked,1,3,3,H
opashs,1,1,1,C
chedchs,1,1,1,C
sheekedy,1,1,1,C
shd,1,9,9,H
kaiir,1,2,2,H
oeal,1,1,1,C
oko,1,6,6,C
daiiny,1,4,4,H
docfhhy,1,1,1,C
adairy,1,1,1,C
dxar,1,1,1,C
okory,1,1,1,C
opokchosody,1,1,1,C
adashgasain,1,1,1,C
cfair,1,1,1,C
oxolcxhy,1,1,1,C
cpor,1,1,1,C
u,1,1,1,C
oteoteedy,1,1,1,C
otos,1,5,5,Z
okodainol,1,1,1,C
eedor,1,1,1,C
tchdaiin,1,3,3,H
sarald,1,1,1,C
todar,1,3,3,H
odair,1,5,5,C
oal,1,3,3,H
seedy,1,1,1,C
ykchda,1,1,1,C
lodaiin,1,4,4,H
olaiiin,1,2,2,C
arkeeody,1,1,1,C
ochdor,1,1,1,C
oekairy,1,1,1,C
ytodaro,1,1,1,C
opalshy,1,1,1,C
arodar,1,1,1,C
opalxy,1,1,1,C
opoor,1,1,1,C
okas,1,4,4,H
oedady,1,1,1,C
kechy,1,7,7,S
qolchedar,1,1,1,C
chdaiin,1,17,12,S
cpeey,1,1,1,C
sarchcphdy,1,1,1,C
ofchedaiin,1,2,2,C
otodeedy,1,1,1,C
oar,1,13,12,S
otoraiin,1,2,2,C
chekad,1,1,1,C
opoiiral,1,1,1,C
eeealky,1,1,1,C
qokeo,1,10,8,P
tched,1,2,2,C
otchdor,1,1,1,C
olkoaiin,1,1,1,C
opaiin,1,16,13,C
chkeedy,1,3,3,B
opairar,1,1,1,C
odee,1,1,1,C
depcheky,1,1,1,C
otch,1,4,4,H
osy,1,1,1,C
odl,1,4,4,S
araiin,1,10,10,S
odsheedy,1,1,1,C
ofair,1,2,2,H
olkair,1,5,5,B
olkalor,1,1,1,C
esha,1,1,1,C
yqos,1,1,1,C
oir,1,2,2,H
oroa,1,1,1,C
otshe,1,1,1,C
opchees,1,2,2,C
daral,1,4,4,H
otdodar,1,1,1,C
oedy,1,3,3,C
soshxor,1,1,1,C
otedain,1,3,3,S
opchedaiin,1,5,4,S
ypal,1,3,3,S
opydsh,1,1,1,C
rshy,1,1,1,C
olz,1,1,1,C
dtedg,1,1,1,C
ofdaj,1,1,1,C
ddary,1,1,1,C
dairdy,1,1,1,C
rody,1,3,3,S
yke,1,1,1,C
shekal,1,5,5,H
cheykar,1,1,1,C
okchr,1,1,1,C
otas,1,3,3,H
chfol,1,1,1,C
okshy,1,11,10,H
okem,1,1,1,C
okchedy,1,24,18,S
eeekchedy,1,1,1,C
ofchdor,1,1,1,C
qotchdy,1,23,19,S
chekolkoiph,1,1,1,C
ofary,1,1,1,C
okady,1,2,2,C
kary,1,5,5,H
eey,1,7,6,H
opodchdal,1,1,1,C
darchdy,1,1,1,C
otl,1,2,2,C
xasashe,1,1,1,C
aikhe,1,1,1,C
ockhedy,1,7,7,S
sheda,1,1,1,C
toor,1,1,1,C
chepar,1,3,3,H
opchdar,1,2,2,C
a,1,15,13,C
xar,1,4,4,S
opor,1,7,7,B
okalm,1,1,1,C
afalairidy,1,1,1,C
okaramal,1,1,1,C
ofdoram,1,1,1,C
oda,1,1,1,C
ofchdar,1,1,1,C
otedam,1,4,4,S
lokedshs,1,1,1,C
xoltedy,1,1,1,C
opchdam,1,1,1,C
oporam,1,1,1,C
chdain,1,9,9,H
opaihefchdy,1,1,1,C
aiird,1,1,1,C
oteoly,1,3,3,H
ofodady,1,1,1,C
opdady,1,1,1,C
otodey,1,1,1,C
otodedy,1,1,1,C
opchdain,1,2,2,C
okair,1,20,17,S
keeedy,1,7,6,B
olkchedy,1,5,4,S
xdar,1,1,1,C
saldan,1,1,1,C
okalar,1,4,4,Z
ofaraiin,1,1,1,C
okolar,1,4,4,C
otosaiin,1,1,1,C
otchdam,1,1,1,C
lashalg,1,1,1,C
otodeed,1,1,1,C
chekaiin,1,10,8,H
oees,1,12,10,H
oiir,1,7,7,H
chchdam,1,1,1,C
chetey,1,7,7,H
otodches,1,1,1,C
oteesey,1,1,1,C
opal,1,10,9,S
okedaiin,1,4,4,S
oror,1,8,8,B
oxalda,1,1,1,C
osaram,1,1,1,C
oparodam,1,1,1,C
opchody,1,3,3,C
chepchey,1,3,3,S
osshy,1,1,1,C
ofar,1,7,6,H
chefaiin,1,2,2,H
teoor,1,1,1,C
chekor,1,1,1,C
olchety,1,1,1,C
qokcho,1,11,9,H
chfady,1,1,1,C
oro,1,6,6,H
okeechy,1,2,2,C
tolfchd,1,1,1,C
saiir,1,4,4,C
roo,1,1,1,C
ardas,1,1,1,C
oparod,1,1,1,C
shckhdy,1,3,3,H
tshda,1,1,1,C
opchd,1,2,2,H
opchsy,1,1,1,C
otorchety,1,1,1,P
orald,1,1,1,P
oldar,1,7,6,H
dorsheoy,1,1,1,P
qockhey,1,18,16,P
dory,1,4,4,H
sholfchor,1,1,1,P
chcthol,1,1,1,P
ral,1,18,16,B
sheom,1,3,3,H
keol,1,21,19,H
shekor,1,1,1,P
qokor,1,32,28,S
cheeor,1,16,16,H
doleeey,1,1,1,P
cheojam,1,1,1,P
yokeody,1,1,1,P
qoor,1,10,9,P
cheeb,1,3,3,H
ykeor,1,6,5,H
oram,1,11,11,S
dary,1,23,20,H
sorory,1,1,1,P
otyda,1,1,1,P
koaiphhy,1,1,1,P
orchor,1,1,1,P
pcheoly,1,1,1,P
salsaly,1,1,1,P
dchey,1,17,17,H
chokol,1,4,4,P
qockhol,1,8,8,P
chosals,1,1,1,P
olsheody,1,1,1,P
shoikhy,1,4,4,P
sheoldg,1,1,1,P
chorcholsal,1,1,1,P
ofyskydal,1,1,1,P
ofaldo,1,1,1,P
poeear,1,1,1,P
sheoky,1,7,7,S
poldy,1,1,1,P
oldal,1,2,2,P
ykar,1,36,28,H
alsy,1,1,1,P
kchor,1,20,20,H
ykeeey,1,6,6,S
chetchy,1,4,4,H
ofal,1,2,2,P
qoekeor,1,1,1,P
okaradag,1,1,1,P
darar,1,2,2,S
aro,1,1,1,P
ralol,1,1,1,P
skeeal,1,1,1,P
okolo,1,2,2,B
pcheody,1,5,4,S
cpheey,1,2,2,A
tshol,1,6,6,H
cfheol,1,2,2,P
saroshy,1,1,1,P
kolsheol,1,1,1,P
qoeol,1,5,5,P
sholkol,1,1,1,P
ckhory,1,1,1,P
dcheor,1,4,4,H
chr,1,8,7,H
yckhy,1,1,1,P
ckhor,1,9,9,H
qokeeor,1,8,8,S
chory,1,11,11,H
ykol,1,14,13,H
ckhy,1,35,32,H
oparal,1,1,1,P
oaro,1,1,1,P
aloly,1,2,2,C
aora,1,1,1,P
yteold,1,1,1,P
cheotchy,1,1,1,P
opchey,1,30,26,S
opsho,1,1,1,P
oteoefol,1,1,1,P
ckheol,1,5,5,P
dald,1,1,1,P
okoly,1,4,4,P
qokoly,1,1,1,P
okchol,1,14,12,H
qokold,1,1,1,P
chees,1,38,33,H
tsholdy,1,1,1,P
oekey,1,2,2,P
chockhia,1,1,1,P
cheyet,1,1,1,P
saiiny,1,1,1,P
tsheeor,1,2,2,A
cpheol,1,2,2,H
ckey,1,1,1,P
pchol,1,6,6,P
ypchol,1,3,3,H
choly,1,17,17,H
qotocthey,1,1,1,P
qkory,1,1,1,P
keshey,1,1,1,P
chs,1,17,14,H
dalchey,1,2,2,B
cheeokeey,1,1,1,P
keody,1,21,19,H
chkeey,1,13,12,H
oeksa,1,1,1,P
yteoldy,1,1,1,P
tolsasy,1,1,1,P
ykeol,1,15,11,H
ockhey,1,9,9,P
cheodal,1,7,6,P
alcheeg,1,1,1,P
orar,1,8,8,S
keear,1,4,3,S
olaiir,1,3,3,H
oolsal,1,1,1,P
okesy,1,1,1,P
sheseky,1,1,1,P
yshaiin,1,1,1,P
ykhey,1,3,3,P
shctysh,1,1,1,P
ychor,1,15,15,H
agairom,1,1,1,P
ytechypchy,1,1,1,S
yshdal,1,1,1,S
chcphhdy,1,1,1,S
daloky,1,1,1,S
peshol,1,1,1,S
otchy,1,44,36,H
yshdain,1,1,1,S
cheoty,1,5,5,S
eeokal,1,1,1,S
orol,1,12,10,B
eeal,1,1,1,S
ychedy,1,11,9,B
chedaraly,1,1,1,S
pocharal,1,1,1,S
okalor,1,2,2,B
yt,1,3,3,H
rkar,1,1,1,S
okdy,1,1,1,S
ocheey,1,3,3,S
qokealdy,1,1,1,S
qoto,1,6,5,H
san,1,3,3,B
shs,1,4,4,H
okeeody,1,17,17,S
qoedy,1,5,4,C
daroal,1,1,1,S
qoisal,1,1,1,S
adchey,1,1,1,S
ofeeo,1,1,1,S
lt,1,2,2,T
olkechdy,1,1,1,S
lkeor,1,1,1,S
okeedaram,1,1,1,S
chety,1,22,21,H
teolshy,1,1,1,S
lolshedy,1,1,1,S
daikhyky,1,1,1,S
podar,1,2,2,H
pchdy,1,10,10,S
tshdy,1,5,5,H
kasol,1,1,1,S
qokeechy,1,6,6,S
eekain,1,1,1,S
shkaiin,1,5,5,S
dshol,1,4,4,H
sholkar,1,1,1,S
shdaiin,1,4,4,H
rar,1,16,12,S
shcfhedy,1,1,1,S
opcheol,1,7,7,S
polchedy,1,7,6,S
oteeylshedy,1,1,1,S
qokalshedy,1,1,1,S
oteys,1,1,1,S
qoy,1,8,7,H
lkldy,1,1,1,S
ychain,1,3,3,H
pcheam,1,1,1,S
sokedy,1,1,1,S
dalkar,1,3,3,S
chepy,1,8,8,T
dalshy,1,1,1,S
shckhody,1,1,1,S
shdal,1,4,4,S
opchy,1,14,12,H
tchoky,1,2,2,H
okeal,1,14,12,S
qoodain,1,1,1,S
qotchy,1,62,48,H
olcheedar,1,1,1,S
lotor,1,1,1,S
qokechy,1,13,11,S
lkeeody,1,5,5,S
lkeol,1,5,5,S
deshedy,1,1,1,S
dalkain,1,1,1,S
lkeedy,1,37,21,S
qokeeechy,1,1,1,S
qochey,1,6,5,S
pcholkchdy,1,1,1,S
chpchy,1,4,4,S
oteeykshy,1,1,1,S
chdaly,1,3,3,S
shdar,1,10,9,T
shchdy,1,1,1,S
chty,1,13,13,H
chechy,1,1,1,S
choldy,1,11,11,H
qotail,1,1,1,S
sheod,1,11,11,S
cheedalaiin,1,1,1,S
qokecar,1,1,1,S
chain,1,19,17,H
olain,1,12,10,S
shedain,1,12,9,S
lcheg,1,1,1,S
okool,1,1,1,S
qokeodair,1,1,1,S
qokshy,1,9,9,H
chsky,1,3,3,H
eeey,1,5,5,P
shalky,1,2,2,S
otechedy,1,1,1,S
lokeedy,1,2,2,S
lokain,1,1,1,S
lsheey,1,6,5,B
shodyol,1,1,1,S
lotar,1,1,1,S
oteeal,1,2,2,C
keeo,1,10,10,S
tshey,1,9,9,B
cheolshy,1,1,1,S
chalal,1,2,2,Z
tar,1,42,35,S
okeshedy,1,1,1,S
shokey,1,5,5,S
odeeey,1,2,2,C
otshedy,1,10,10,S
shedar,1,8,8,S
olkeol,1,7,6,S
ltar,1,1,1,S
chorol,1,3,3,S
loiin,1,4,4,S
chedan,1,1,1,S
lcheedy,1,9,7,S
oloraiin,1,1,1,S
polarar,1,2,2,B
qotolaiin,1,1,1,S
shkchy,1,2,2,H
opchealol,1,1,1,S
leeesain,1,1,1,S
cheteey,1,3,2,Z
cheosaiin,1,1,1,S
chepchy,1,4,4,H
qopchey,1,10,10,S
otalsy,1,2,2,P
qoteeey,1,3,3,H
kchdpy,1,1,1,S
otalsh,1,1,1,S
llory,1,1,1,S
ihearamom,1,1,1,S
shain,1,9,8,H
lar,1,8,7,B
ykanam,1,1,1,S
saly,1,4,4,T
padar,1,1,1,S
osheeky,1,1,1,S
aralar,1,1,1,S
ykolain,1,1,1,S
pcholchdy,1,1,1,S
tokain,1,2,2,S
totol,1,1,1,S
rotydy,1,1,1,S
okeeylkaiin,1,1,1,S
chd,1,7,7,H
chcpham,1,1,1,S
okeolshy,1,1,1,S
olkain,1,34,16,B
als,1,5,5,S
cholches,1,1,1,S
olchdy,1,10,9,B
olam,1,5,5,S
tey,1,15,13,H
chetain,1,5,5,S
shtchey,1,1,1,S
okeedam,1,1,1,S
cheychear,1,1,1,S
oleedy,1,2,2,S
pchoetal,1,1,1,S
otarar,1,5,5,S
opam,1,3,3,S
lain,1,4,4,S
pcharalor,1,1,1,S
porchey,1,1,1,S
chetar,1,6,6,S
arody,1,12,11,S
sf,1,1,1,S
m,1,15,10,C
sairol,1,1,1,S
dtal,1,1,1,S
orchcthdy,1,1,1,S
lty,1,2,2,S
shekchy,1,5,5,H
okalain,1,1,1,S
lg,1,1,1,S
cheeteey,1,4,4,S
lm,1,1,1,S
chalkeey,1,1,1,S
kedy,1,47,31,B
lag,1,1,1,S
oin,1,9,9,S
ytchey,1,12,11,H
chckhol,1,4,4,H
shechol,1,1,1,S
cheedy,1,59,32,B
qotam,1,12,10,S
pshedy,1,3,3,S
lshalshy,1,1,1,S
qotalshy,1,1,1,S
cthedy,1,13,11,S
lched,1,6,5,B
cthan,1,2,2,H
lkeeal,1,1,1,S
raraiin,1,4,4,S
ory,1,16,14,B
saraiin,1,3,3,S
ollaiin,1,1,1,S
pchallarar,1,1,1,S
ckhal,1,4,4,H
alolfchy,1,1,1,S
rpchey,1,1,1,S
shfy,1,1,1,S
opchekan,1,1,1,S
dlr,1,1,1,S
rshey,1,2,2,B
chtain,1,4,4,S
soraiin,1,8,7,S
arain,1,4,4,S
cheds,1,1,1,S
rsheg,1,1,1,S
qolchey,1,11,8,B
olkey,1,13,11,B
qorar,1,1,1,S
qcthhy,1,3,3,S
qokl,1,9,7,S
pairain,1,1,1,S
cheam,1,6,6,S
sham,1,6,5,S
keeey,1,10,8,S
lkeal,1,1,1,S
lom,1,4,4,B
chery,1,1,1,S
lchy,1,9,9,B
dlar,1,2,2,T
sheain,1,3,3,S
shkain,1,2,2,B
as,1,12,11,S
chcphy,1,10,10,S
cphan,1,1,1,S
lcheor,1,2,2,S
chky,1,17,16,H
odain,1,17,14,S
oleey,1,3,3,S
oqokaiin,1,1,1,S
okeyshcphhy,1,1,1,S
ookar,1,1,1,S
lkechy,1,1,1,S
chedkaly,1,1,1,S
sykar,1,1,1,S
dainchey,1,1,1,S
otan,1,3,3,S
sysor,1,1,1,S
okeolan,1,1,1,S
arom,1,3,3,Z
lkan,1,1,1,S
sodal,1,2,2,H
